name,gapfill,gapfill_from_transcriptome,frequency_BC006,count_of_this_gapfill_BC006,likelihood_wt_given_observed_BC006
ASXL1 c.2535del,CTG,CTGG,0.4542211652794292,382.0,3.0429627747255077e-209
CALR c.1150_1154delinsTGTC,C,CTTGTCC,0.0055180375180375,956.0,1.5107516138281904e-44
DNMT3A c.2644C>T,CAGCT,CGGCT,0.5089182811042204,9273.0,0.0
JAK2 c.1849G>T,AAC,CAC,0.949800796812749,10728.0,0.0
NFE2 c.137dupC,TGCCT,TGGCT,0.0073935082756882,264.0,7.102907339919652e-240
NFE2 c.190_194del,AGTAAGT,CAGTAAGT,0.0130406714009038,202.0,0.0
SETBP1 c.2602G>A,TTGC,TCGC,0.3465473145780051,271.0,1.226413700074814e-94
