name,gapfill,gapfill_from_transcriptome,frequency_BC005,count_of_this_gapfill_BC005,likelihood_wt_given_observed_BC005
ASXL1 c.1636C>T,TAA,TGA,0.3786162005785921,3141.0,0.0
JAK2 c.1849G>T,AAC,CAC,0.7011192724728926,8018.0,0.0
NFE2 c.137dupC,TGCCT,TGGCT,0.0071790168098354,407.0,4.179581895406625e-233
NFE2 c.190_194del,AGTAAGT,CAGTAAGT,0.0079370440421507,235.0,7.78246567292589e-195
