name,gapfill,gapfill_from_transcriptome,frequency_BC004,count_of_this_gapfill_BC004,likelihood_wt_given_observed_BC004
IDH1 c.395G>A,ACAA,ACGA,0.1330724070450097,68.0,5.634395439243697e-302
MPL c.1771T>G,TCGT,TAGT,0.9699174478802296,6932.0,0.0
PTPN11 c.1508G>A,TCTC,TCCC,0.4389505549949546,2175.0,0.0
RUNX1 c.1103dupC,CGGGGCC,CGGGCC,0.0700896495517522,1118.0,0.0
TET2 c.2908dupA,GTTTT,GTT,0.3385836096636665,2859.0,0.0
