name,gapfill,gapfill_from_transcriptome,frequency_BC013,count_of_this_gapfill_BC013,likelihood_wt_given_observed_BC013
JAK2 c.1849G>T,AAC,CAC,0.9692505589415332,31647.0,0.0
NFE2 c.137dupC,TGCCT,TGGCT,0.0072717058860245,466.0,3.8892816010539456e-236
NFE2 c.190_194del,AGTAAGT,CAGTAAGT,0.0070704049166508,260.0,8.392593882446272e-174
