name,gapfill,gapfill_from_transcriptome,frequency_BC011,count_of_this_gapfill_BC011,likelihood_wt_given_observed_BC011
JAK2 c.1849G>T,AAC,CAC,0.9545266468056934,23069.0,0.0
JAK2 c.731A>G,GGCTCT,GGCTTT,0.969927136233164,21964.0,0.0
JAK2 c.892T>C,CGCT,CACT,0.0185378380547307,462.0,9.645483696950544e-49
NFE2 c.190_194del,AGTAAGT,CAGTAAGT,0.0092041021328287,394.0,8.391801702115e-226
SF3B1 c.1998G>T,ATAT,ATCT,0.5161851386607401,5342.0,0.0
SRSF2 c.161C>T,GAC,GGAC,0.0072599966953073,703.0,3.791754815086509e-60
