name,gapfill,gapfill_from_transcriptome,frequency_BC010,count_of_this_gapfill_BC010,likelihood_wt_given_observed_BC010
IDH1 c.395G>A,ATGA,ACGA,0.0632411067193675,16.0,6.4616399770144e-147
JAK2 c.1849G>T,AAC,CAC,0.9360902255639098,1245.0,0.0
TET2 c.4537+2T>G,TTCCC,,0.7631578947368421,29.0,5.043925817787477e-41
