name,gapfill,gapfill_from_transcriptome,frequency_BC014,count_of_this_gapfill_BC014,likelihood_wt_given_observed_BC014
JAK2 c.1849G>T,AAC,CAC,0.6155373541821793,7440.0,0.0
NFE2 c.137dupC,TGGGCT,TGGCT,0.1409612163381007,1094.0,0.0
NFE2 c.190_194del,AGTAAGT,CAGTAAGT,0.0169920462762111,47.0,0.0
NFE2 c.817C>T,CAT,CGT,0.0521386990635282,206.0,4.942405532113782e-90
SF3B1 c.2098A>G,CTTCCT,CTTTCT,0.5056042534846961,7037.0,0.0
TET2 c.2790_2791del,GA,GGCA,0.3987730061349693,65.0,6.924551541569423e-51
TET2 c.2908dupA,GTTT,GTT,0.5638422908430388,5277.0,1.8236059552028584e-53
