name,gapfill,gapfill_from_transcriptome,frequency_BC002,count_of_this_gapfill_BC002,likelihood_wt_given_observed_BC002
ASXL1 c.1249C>T,CAGA,CGGA,0.1174275050244042,409.0,7.287821063112202e-235
CALR c.1154_1155insTTGTC,CTT,CCTT,0.0101536089199928,856.0,7.477922912186794e-63
JAK2 c.1849G>T,AAC,CAC,0.83666693019211,10583.0,0.0
SH2B3 c.894G>A,TTCA,TCCA,0.0472146022367588,895.0,2.0601800226767054e-49
SRSF2 c.161C>T,GAAC,GGAC,0.0503777517259346,1547.0,0.0
TP53 c.536A>G,ATA,ATG,0.0839160839160839,24.0,7.084597944119324e-73
