name,gapfill,gapfill_from_transcriptome,frequency_BC003,count_of_this_gapfill_BC003,likelihood_wt_given_observed_BC003
ASXL1 c.4183C>G,CCACT,CCAGT,0.0769569041336851,350.0,2.8410807324464094e-189
CALR c.1154_1155insTTGTC,GTATCACT,CCTT,0.0005314999442782,62.0,7.781407850830964e-37
IDH2 c.419G>A,CTGGAT,CCGGAT,0.0140508395522388,482.0,1.5417149606387844e-302
JAK2 c.1849G>T,AAC,CAC,0.8269867549668874,7992.0,0.0
NFE2 c.190_194del,AGTAAGT,CAGTAAGT,0.0119047619047619,212.0,2.5274444694026414e-227
TET2 c.5618T>C,AGT,AAT,0.217634275069854,701.0,1.0844789804123685e-165
