name,gapfill,gapfill_from_transcriptome,frequency_BC006,count_of_this_gapfill_BC006,likelihood_wt_given_observed_BC006
JAK2 c.1849G>T,AAC,CAC,0.6282744634105121,14870.0,0.0
NFE2 c.190_194del,AGTAAGT,CAGTAAGT,0.0108565951370278,555.0,6.613305224504826e-208
SH2B3 c.1527del,GAGC,GAGCC,0.1120689655172413,273.0,3.5012261769132035e-40
TP53 c.830G>A,GGATA,GGACA,0.4621443916411692,7099.0,0.0
U2AF1 c.470A>C,ACGG,ACTG,0.5002714277097533,49764.0,0.0
