name,gapfill,gapfill_from_transcriptome,frequency_BC013,count_of_this_gapfill_BC013,likelihood_wt_given_observed_BC013
CALR c.1154_1155insTTGTC,T,CCTT,0.0042943290491563,1269.0,2.926498163841296e-38
JAK2 c.1849G>T,AAC,CAC,0.9694202071271304,11888.0,0.0
NFE2 c.190_194del,AGTAAGT,CAGTAAGT,0.0113728079829774,310.0,2.0750839905572224e-217
