name,gapfill,gapfill_from_transcriptome,frequency_BC011,count_of_this_gapfill_BC011,likelihood_wt_given_observed_BC011
CALR c.1154_1155insTTGTC,T,CCTT,0.0042991966839662,1004.0,2.3605967049466425e-32
JAK2 c.1849G>T,AAC,CAC,0.3844568245125348,6901.0,0.0
NFE2 c.190_194del,AGTAAGT,CAGTAAGT,0.0349783897879183,348.0,0.0
NRAS c.35G>A,ATCT,ACCT,0.0064061905365977,303.0,3.936075864531236e-37
TP53 c.78delT,GAGTAGTT,GAAGTAGTT,0.0162013098931402,47.0,4.478707347326456e-125
