probe_idx,gapfill,CTGGAT,CCGGAT,CCACT,CCAGT,AAC,CAC
1,CCGGAT,0.002472125039396936,0.9810645848898527,,,,
25,CCACT,,,0.9810645848898527,0.002472125039396936,,
1,CTGGAT,0.9810645848898527,0.002472125039396936,,,,
25,CCAGT,,,0.002472125039396936,0.9810645848898527,,
0,AAC,,,,,0.9810646330903435,0.0024721534072314534
25,CAGT,,,8.265261159537971e-06,0.003304870569043036,,
0,CAC,,,,,0.0024721448720532633,0.9810645848898527
1,CCGGGT,1e-09,0.002472125039396936,,,,
1,CGGAT,8.265261159537971e-06,0.003304870569043036,,,,
1,CAGGAT,0.002472125039396936,0.002472125039396936,,,,
25,CACT,,,0.003304870569043036,8.265261159537971e-06,,
1,CCAGAT,1e-09,0.002472125039396936,,,,
0,ACC,,,,,0.0024834679382593314,1.1362731518723131e-05
1,GGAT,0.00029360887694812653,0.00029360887694812653,,,,
1,CGGGAT,0.002472125039396936,0.002472125039396936,,,,
1,CTGGT,1.0416487296041751e-05,1e-09,,,,
25,CCCCT,,,0.002472125039396936,1e-09,,
0,AC,,,,,0.003315292044798846,0.0033058749576183166
25,GT,,,1e-09,1e-09,,
25,CT,,,4.3671810959508055e-09,4.3671810959508055e-09,,
1,CCGTAT,1e-09,0.002472125039396936,,,,
25,CCTCT,,,0.002472125039396936,1e-09,,
0,CCC,,,,,2.836783451736667e-08,0.0024721732398877805
1,ACGGAT,1e-09,0.002472125039396936,,,,
1,CAGAT,1e-09,8.265261159537971e-06,,,,
25,CCAAT,,,0.002472125039396936,0.002472125039396936,,
1,CCGAAT,1e-09,0.002472125039396936,,,,
0,AACA,,,,,0.0033671867419323145,8.48476928559279e-06
1,CAT,1e-09,1e-09,,,,
1,CTGGCT,0.002472125039396936,1e-09,,,,
1,CTGGAC,0.002472125039396936,1e-09,,,,
1,TGGAT,0.003304870569043036,8.265261159537971e-06,,,,
1,CTGAAT,0.002472125039396936,1e-09,,,,
25,CCCT,,,8.26774815304775e-06,2.4869935097785783e-09,,
1,CCGGAC,1e-09,0.002472125039396936,,,,
1,TTGGAT,0.002472125039396936,1e-09,,,,
0,CC,,,,,9.27546561935948e-06,2.069135303091444e-05
1,CCTGAT,1e-09,0.002472125039396936,,,,
