probe_idx,gapfill,AAC,CAC,ATCT,ATCTTGT,ACG,ATG,GCCGTC,GCCGCC
0,AAC,0.9810646330903435,0.0024721534072314534,,,,,,
0,CAC,0.0024721448720532633,0.9810645848898527,,,,,,
3,ATCTTGT,,,1e-09,0.9810645848898527,,,,
1,ATG,,,,,0.002472125039396936,0.9810645848898527,,
0,AC,0.003315292044798846,0.0033058749576183166,,,,,,
2,GCCGCC,,,,,,,0.002472125039396936,0.9810645848898527
2,GACGCC,,,,,,,1e-09,0.002472125039396936
0,ACC,0.0024834679382593314,1.1362731518723131e-05,,,,,,
1,ACG,,,,,0.9810645848898527,0.002472125039396936,,
3,ATCTGT,,,1e-09,1e-09,,,,
0,CCC,2.836783451736667e-08,0.0024721732398877805,,,,,,
3,TCTTGT,,,1e-09,0.003304870569043036,,,,
3,ATCT,,,0.9810645848898527,1e-09,,,,
1,TTG,,,,,1e-09,0.0024721534072314534,,
0,CC,9.27546561935948e-06,2.069135303091444e-05,,,,,,
2,GCCGTC,,,,,,,0.9810645848898527,0.002472125039396936
3,ACTTGT,,,1e-09,8.265261159537971e-06,,,,
0,C,0.00029494991942158354,0.0008198538170710456,,,,,,
