probe_idx,gapfill,AAC,CAC,TGGCT,CGGCT
0,AAC,0.9810646330903435,0.0024721534072314534,,
18,TGGCT,,,0.9810645848898527,0.002472125039396936
0,CAC,0.0024721448720532633,0.9810645848898527,,
18,CGGCT,,,0.002472125039396936,0.9810645848898527
18,CGGGT,,,1e-09,0.002472125039396936
0,CCC,2.836783451736667e-08,0.0024721732398877805,,
0,CC,9.27546561935948e-06,2.069135303091444e-05,,
0,AC,0.003315292044798846,0.0033058749576183166,,
18,TGACT,,,0.002472125039396936,1e-09
18,GGCT,,,0.003304870569043036,0.003304870569043036
0,C,0.00029494991942158354,0.0008198538170710456,,
18,TGCT,,,8.265261159537971e-06,8.265261159537971e-06
18,CGCCT,,,1e-09,0.002472125039396936
18,TGGTT,,,0.002472125039396936,1e-09
18,CGACT,,,1e-09,0.002472125039396936
18,TC,,,3.0709723069472655e-09,3.0709723069472655e-09
0,CACA,8.48476928559279e-06,0.0033671867419323145,,
18,TGCCT,,,0.002472125039396936,1e-09
18,CAGCT,,,1e-09,0.002472125039396936
0,ACC,0.0024834679382593314,1.1362731518723131e-05,,
0,CA,1.2426091871376466e-05,0.004166050078338824,,
0,CGC,1e-09,0.002472125039396936,,
18,CGGAT,,,1e-09,0.002472125039396936
0,CAG,1.983265632723127e-08,0.002472125039396936,,
18,GCT,,,0.0002936088769481266,0.00029360887694812653
18,CGGTT,,,1e-09,0.002472125039396936
