probe_idx,gapfill,TACT,TGCT,AAC,CAC
40,TACT,0.9810645848898527,0.002472125039396936,,
40,TGCT,0.002472125039396936,0.9810645848898527,,
5,AAC,,,0.9810646330903435,0.0024721534072314534
40,TGTT,1e-09,0.002472125039396936,,
5,CAC,,,0.0024721448720532633,0.9810645848898527
5,AGC,,,0.0024721534072314534,2.836783451736667e-08
40,ACT,0.003304870569043036,8.265261159537971e-06,,
5,AC,,,0.003315292044798846,0.0033058749576183166
40,TCCT,0.002472125039396936,0.002472125039396936,,
40,TACC,0.002472125039396936,1e-09,,
5,CCC,,,2.836783451736667e-08,0.0024721732398877805
40,TGCC,1e-09,0.002472125039396936,,
40,,1.574470128535472e-07,1.5744701285354717e-07,,
40,TCT,8.265261159537971e-06,8.265261159537971e-06,,
40,GACT,0.002472125039396936,1e-09,,
5,AACA,,,0.0033671867419323145,8.48476928559279e-06
40,AACT,0.002472125039396936,1e-09,,
40,GCT,8.265261159537971e-06,0.003304870569043036,,
5,ACC,,,0.0024834679382593314,1.1362731518723131e-05
5,C,,,0.00029494991942158354,0.0008198538170710456
40,TACA,0.002472125039396936,1e-09,,
5,AA,,,0.004174309523613822,1.868673691534836e-05
5,A,,,0.0005409687447951369,1.6064847145674825e-05
40,TGCN,1e-09,0.002472125039396936,,
40,TTCC,1.983265632723127e-08,1.983265632723127e-08,,
40,AGCT,1e-09,0.002472125039396936,,
40,TAAT,0.002472125039396936,1e-09,,
40,TGT,1e-09,1.0416487296041751e-05,,
5,AAG,,,0.0024721732398877805,2.836783451736667e-08
40,TGAT,1e-09,0.002472125039396936,,
40,TGCTT,8.48476928559279e-06,0.0033671867419323145,,
40,TCC,1.0416487296041751e-05,1.0416487296041751e-05,,
5,AAA,,,0.002480083509007629,4.820049084459794e-08
40,GT,7.288279935006296e-07,7.636543014319618e-07,,
40,CT,0.00029360887694812653,0.0002936088769481266,,
40,TATT,0.002472125039396936,1e-09,,
40,TGGT,1e-09,0.002472125039396936,,
5,CC,,,9.27546561935948e-06,2.069135303091444e-05
40,CGCT,1e-09,0.002472125039396936,,
40,CACT,0.002472125039396936,1e-09,,
40,TACN,0.002472125039396936,1e-09,,
40,TTACTTT,1e-09,1e-09,,
40,TTT,4.98845976863857e-09,4.98845976863857e-09,,
5,CA,,,1.2426091871376466e-05,0.004166050078338824
5,CACA,,,8.48476928559279e-06,0.0033671867419323145
5,AAT,,,0.0024721732398877805,2.836783451736667e-08
40,AACA,1e-09,1e-09,,
40,TGNT,1e-09,0.002472125039396936,,
40,TAGT,0.002472125039396936,1e-09,,
40,TAC,0.004165039873879003,1.0416487296041751e-05,,
40,TTCT,0.002472125039396936,0.002472125039396936,,
40,TGCA,1e-09,0.002472125039396936,,
40,TGCCT,1e-09,8.48476928559279e-06,,
40,TGC,1.0416487296041751e-05,0.004165039873879003,,
