probe_idx,gapfill,AAC,CAC,TCTTTTA,TCTTTCA
28,AAC,0.9810646330903435,0.0024721534072314534,,
55,TCTTTCA,,,0.002472125039396936,0.9810645848898527
28,GAC,0.0024721448720532633,0.002472125039396936,,
28,CAC,0.0024721448720532633,0.9810645848898527,,
55,TCTTTTA,,,0.9810645848898527,0.002472125039396936
28,AC,0.003315292044798846,0.0033058749576183166,,
55,TCTTCA,,,1e-09,1e-09
28,ACC,0.0024834679382593314,1.1362731518723131e-05,,
55,TCTTTTAA,,,0.0033671867419323145,8.48476928559279e-06
55,CCTTTTA,,,0.002472125039396936,1e-09
55,TCTTTAA,,,0.002472125039396936,0.002472125039396936
55,TCTTTCT,,,1e-09,0.002472125039396936
28,AAA,0.002480083509007629,4.820049084459794e-08,,
28,C,0.00029494991942158354,0.0008198538170710456,,
55,TCTTTCAA,,,8.48476928559279e-06,0.0033671867419323145
55,TCTTTTG,,,0.002472125039396936,1e-09
55,TGTTTTT,,,1e-09,1e-09
28,CCC,2.836783451736667e-08,0.0024721732398877805,,
28,AA,0.004174309523613822,1.868673691534836e-05,,
55,TCTTCCA,,,1e-09,0.002472125039396936
55,TCTTTCG,,,1e-09,0.002472125039396936
55,CTTTTAA,,,1.1342898862395898e-05,2.836783451736667e-08
55,TCTTTCC,,,1e-09,0.002472125039396936
55,TCTTTA,,,1.0416487296041751e-05,1.0416487296041751e-05
28,CC,9.27546561935948e-06,2.069135303091444e-05,,
