probe_idx,gapfill,AAC,CAC,CA,TA
0,CAC,0.0024721448720532633,0.9810645848898527,,
0,AAC,0.9810646330903435,0.0024721534072314534,,
0,CCC,2.836783451736667e-08,0.0024721732398877805,,
0,TAC,0.0024721448720532633,0.002472125039396936,,
3,TA,,,0.0024721732398877805,0.9810646330903435
0,AC,0.003315292044798846,0.0033058749576183166,,
3,CA,,,0.9810646330903435,0.0024721732398877805
0,CC,9.27546561935948e-06,2.069135303091444e-05,,
0,CGC,1e-09,0.002472125039396936,,
0,C,0.00029494991942158354,0.0008198538170710456,,
0,ACC,0.0024834679382593314,1.1362731518723131e-05,,
0,CACA,8.48476928559279e-06,0.0033671867419323145,,
0,CAA,7.930101776176147e-06,0.0024721448720532633,,
0,AAT,0.0024721732398877805,2.836783451736667e-08,,
0,CAN,1.983265632723127e-08,0.002472125039396936,,
0,AGC,0.0024721534072314534,2.836783451736667e-08,,
0,AACA,0.0033671867419323145,8.48476928559279e-06,,
0,CA,1.2426091871376466e-05,0.004166050078338824,,
0,CTC,1e-09,0.002472125039396936,,
0,CAT,1.983265632723127e-08,0.002472125039396936,,
3,A,,,0.0033172966609144117,0.0033172966609144117
0,CAAC,0.0018679153724242465,1.3191615740724873e-05,,
