probe_idx,gapfill,AAC,CAC
5,CAC,0.0024721448720532633,0.9810645848898527
5,AC,0.003315292044798846,0.0033058749576183166
5,AAC,0.9810646330903435,0.0024721534072314534
5,C,0.00029494991942158354,0.0008198538170710456
5,CC,9.27546561935948e-06,2.069135303091444e-05
5,CCC,2.836783451736667e-08,0.0024721732398877805
5,ACC,0.0024834679382593314,1.1362731518723131e-05
5,CAT,1.983265632723127e-08,0.002472125039396936
5,CAAC,0.0018679153724242465,1.3191615740724873e-05
