probe_idx,gapfill,AAC,CAC,TAA,TGA
0,AAC,0.9810646330903435,0.0024721534072314534,,
0,CAC,0.0024721448720532633,0.9810645848898527,,
50,TGA,,,0.0024721448720532633,0.9810645848898527
50,TAA,,,0.9810646330903435,0.0024721534072314534
0,ACAC,4.706846455132084e-06,0.0018679153724242465,,
0,AC,0.003315292044798846,0.0033058749576183166,,
50,AA,,,0.0033162972607988996,9.27546561935948e-06
0,TAC,0.0024721448720532633,0.002472125039396936,,
0,AAA,0.002480083509007629,4.820049084459794e-08,,
0,CC,9.27546561935948e-06,2.069135303091444e-05,,
0,AAAC,0.0018764001417098392,4.706846455132084e-06,,
0,AAT,0.0024721732398877805,2.836783451736667e-08,,
50,GA,,,1.868673691534836e-05,0.0033048755575028044
0,ACC,0.0024834679382593314,1.1362731518723131e-05,,
50,TAC,,,0.0024721534072314534,2.836783451736667e-08
0,CCC,2.836783451736667e-08,0.0024721732398877805,,
0,C,0.00029494991942158354,0.0008198538170710456,,
50,TGAC,,,8.48476928559279e-06,0.0033671867419323145
50,TAACGAT,,,1e-09,1e-09
0,CACA,8.48476928559279e-06,0.0033671867419323145,,
50,TCA,,,0.0024721448720532633,0.002472125039396936
0,AGC,0.0024721534072314534,2.836783451736667e-08,,
0,AACA,0.0033671867419323145,8.48476928559279e-06,,
50,TGC,,,1e-09,0.002472125039396936
50,TGT,,,1e-09,0.002472125039396936
0,CCAC,4.706846455132084e-06,0.0018679153724242465,,
0,CA,1.2426091871376466e-05,0.004166050078338824,,
50,TTC,,,1.983265632723127e-08,1.983265632723127e-08
0,CAAC,0.0018679153724242465,1.3191615740724873e-05,,
0,GAC,0.0024721448720532633,0.002472125039396936,,
50,TGAT,,,8.48476928559279e-06,0.0033671867419323145
50,CGA,,,1.983265632723127e-08,0.002472125039396936
