probe_idx,gapfill,CAG,CAGTAAGT,GCCA,GCA,AAC,CAC,ATTTAT,ATTTTTTAT,GCAGCC,GCAGCG
44,CAGTAAGT,1e-09,0.9810645848898527,,,,,,,,
29,GCA,,,1.8681748455579722e-05,0.9810645848898527,,,,,,
0,AAC,,,,,0.9810646330903435,0.0024721534072314534,,,,
0,CAC,,,,,0.0024721448720532633,0.9810645848898527,,,,
0,AC,,,,,0.003315292044798846,0.0033058749576183166,,,,
26,ATTTATTAT,,,,,,,1e-09,0.002472125039396936,,
26,ATTTTTTAT,,,,,,,1e-09,0.9810645848898527,,
26,ATTTTTATT,,,,,,,1e-09,2.836783451736667e-08,,
44,AGTAAGT,1e-09,0.003304870569043036,,,,,,,,
29,GCCA,,,0.9810645848898527,1.3191615740724873e-05,,,,,,
7,GCAGCG,,,,,,,,,0.002472125039396936,0.9810645848898527
0,CA,,,,,1.2426091871376466e-05,0.004166050078338824,,,,
44,CAGTAAAT,1e-09,0.002472125039396936,,,,,,,,
29,CA,,,0.00029364370325605783,0.0033048755575028044,,,,,,
44,CCGT,8.48476928559279e-06,1e-09,,,,,,,,
26,ATTTAT,,,,,,,0.9810645848898527,1e-09,,
29,ACA,,,8.265261159537971e-06,0.002472125039396936,,,,,,
0,AA,,,,,0.004174309523613822,1.868673691534836e-05,,,,
26,ATTATTTAT,,,,,,,1e-09,0.002472125039396936,,
44,CAG,0.9810645848898527,1e-09,,,,,,,,
7,GCAGCC,,,,,,,,,0.9810645848898527,0.002472125039396936
44,CAGTAAGTT,1e-09,0.0033671867419323145,,,,,,,,
44,CAGTAAGN,1e-09,0.002472125039396936,,,,,,,,
44,CAGTAAGG,1e-09,0.002472125039396936,,,,,,,,
44,CAGTAAGNT,1e-09,8.48476928559279e-06,,,,,,,,
44,CCGTAAGT,1e-09,0.002472125039396936,,,,,,,,
26,ATTTTTTATT,,,,,,,1e-09,0.0033671867419323145,,
0,AGC,,,,,0.0024721534072314534,2.836783451736667e-08,,,,
0,ACC,,,,,0.0024834679382593314,1.1362731518723131e-05,,,,
26,ATTTTTTTAT,,,,,,,1e-09,4.706846455132084e-06,,
26,ATTAT,,,,,,,8.265261159537971e-06,1e-09,,
44,CAGTCAGT,1e-09,0.002472125039396936,,,,,,,,
7,CAGCG,,,,,,,,,8.265261159537971e-06,0.003304870569043036
0,AAG,,,,,0.0024721732398877805,2.836783451736667e-08,,,,
29,GCC,,,0.004165042360872513,0.0024721448720532633,,,,,,
26,ATTTTTTT,,,,,,,1e-09,1.041897428955153e-05,,
7,GCAGTG,,,,,,,,,1e-09,0.002472125039396936
0,C,,,,,0.00029494991942158354,0.0008198538170710456,,,,
0,CCC,,,,,2.836783451736667e-08,0.0024721732398877805,,,,
