probe_idx,gapfill,CAT,CGT,AAC,CAC,CAG,CGG
21,CGT,0.002472125039396936,0.9810645848898527,,,,
0,AAC,,,0.9810646330903435,0.0024721534072314534,,
21,CAT,0.9810645848898527,0.002472125039396936,,,,
95,CGG,,,,,0.0024721534072314534,0.9810646330903435
0,CAC,,,0.0024721448720532633,0.9810645848898527,,
95,CAG,,,,,0.9810645848898527,0.0024721448720532633
0,C,,,0.00029494991942158354,0.0008198538170710456,,
0,AC,,,0.003315292044798846,0.0033058749576183166,,
95,CGGA,,,,,8.48476928559279e-06,0.0033671867419323145
0,AAT,,,0.0024721732398877805,2.836783451736667e-08,,
0,TAC,,,0.0024721448720532633,0.002472125039396936,,
21,AT,0.0033048755575028044,8.270249619306611e-06,,,,
95,GG,,,,,9.27546561935948e-06,0.0033162972607988996
21,CGC,1e-09,0.002472125039396936,,,,
95,,,,,,3.0187798631129837e-06,3.0187798631129833e-06
0,ACC,,,0.0024834679382593314,1.1362731518723131e-05,,
0,AGC,,,0.0024721534072314534,2.836783451736667e-08,,
95,G,,,,,0.00029494991942158354,0.00030894489610030053
0,AAA,,,0.002480083509007629,4.820049084459794e-08,,
21,CCT,0.0024721448720532633,0.0024721448720532633,,,,
0,CAT,,,1.983265632723127e-08,0.002472125039396936,,
21,T,0.00029494991942158354,0.00029494991942158365,,,,
21,GT,8.270249619306611e-06,0.0033048755575028044,,,,
95,CAA,,,,,0.0024721448720532633,1e-09
0,AA,,,0.004174309523613822,1.868673691534836e-05,,
0,CCC,,,2.836783451736667e-08,0.0024721732398877805,,
95,CGGG,,,,,8.48476928559279e-06,0.0033718935883874468
