probe_idx,gapfill,AAC,CAC,TCGT,TAGT,ATGA,ACGA
0,CAC,0.0024721448720532633,0.9810645848898527,,,,
0,AAC,0.9810646330903435,0.0024721534072314534,,,,
0,AC,0.003315292044798846,0.0033058749576183166,,,,
11,TCGT,,,0.9810645848898527,0.002472125039396936,,
11,TCGA,,,0.002472125039396936,1e-09,,
11,CCGT,,,0.002472125039396936,1e-09,,
11,TAGT,,,0.002472125039396936,0.9810645848898527,,
0,ACC,0.0024834679382593314,1.1362731518723131e-05,,,,
8,ATGA,,,,,0.9810645848898527,0.002472125039396936
8,ACGA,,,,,0.002472125039396936,0.9810645848898527
0,CCC,2.836783451736667e-08,0.0024721732398877805,,,,
8,GTGA,,,,,0.002472125039396936,1e-09
0,C,0.00029494991942158354,0.0008198538170710456,,,,
0,CC,9.27546561935948e-06,2.069135303091444e-05,,,,
0,ATC,0.0024721534072314534,2.836783451736667e-08,,,,
8,CCGA,,,,,1e-09,0.002472125039396936
0,GAC,0.0024721448720532633,0.002472125039396936,,,,
0,CGC,1e-09,0.002472125039396936,,,,
11,TGGT,,,0.002472125039396936,0.002472125039396936,,
0,GAAAC,1.615472745029448e-08,1e-09,,,,
8,CGA,,,,,8.265261159537971e-06,0.003304870569043036
11,A,,,7.438153402898071e-09,1.775494534570045e-06,,
0,AGC,0.0024721534072314534,2.836783451736667e-08,,,,
0,AACA,0.0033671867419323145,8.48476928559279e-06,,,,
0,AA,0.004174309523613822,1.868673691534836e-05,,,,
