probe_idx,gapfill,AAC,CAC,ATGA,ACGA,TTCCC,TTACC
0,AAC,0.9810646330903435,0.0024721534072314534,,,,
13,ATGA,,,0.9810645848898527,0.002472125039396936,,
13,ACGA,,,0.002472125039396936,0.9810645848898527,,
88,TTACC,,,,,0.0024721448720532633,0.9810645848898527
0,AC,0.003315292044798846,0.0033058749576183166,,,,
88,TTCCC,,,,,0.9810646330903435,0.0024721534072314534
0,CAC,0.0024721448720532633,0.9810645848898527,,,,
88,TCCC,,,,,0.0033152895578053366,8.267762625796832e-06
13,CCGA,,,1e-09,0.002472125039396936,,
0,C,0.00029494991942158354,0.0008198538170710456,,,,
0,ACC,0.0024834679382593314,1.1362731518723131e-05,,,,
0,CCC,2.836783451736667e-08,0.0024721732398877805,,,,
0,AA,0.004174309523613822,1.868673691534836e-05,,,,
88,TTCC,,,,,0.004173307622032051,1.8681748455579722e-05
0,AGC,0.0024721534072314534,2.836783451736667e-08,,,,
0,AAA,0.002480083509007629,4.820049084459794e-08,,,,
0,AACA,0.0033671867419323145,8.48476928559279e-06,,,,
