probe_idx,gapfill,AAC,CAC,CCCC,CCC
0,AAC,0.9810646330903435,0.0024721534072314534,,
0,CAC,0.0024721448720532633,0.9810645848898527,,
0,AC,0.003315292044798846,0.0033058749576183166,,
10,CCCC,,,0.9810838578904912,0.005235102114356561
10,CCC,,,0.007471920047497374,0.9810838578904912
0,AGC,0.0024721534072314534,2.836783451736667e-08,,
0,AACA,0.0033671867419323145,8.48476928559279e-06,,
0,C,0.00029494991942158354,0.0008198538170710456,,
0,AAA,0.002480083509007629,4.820049084459794e-08,,
0,A,0.0005409687447951369,1.6064847145674825e-05,,
0,ATC,0.0024721534072314534,2.836783451736667e-08,,
10,CC,,,0.0008338487937497626,0.007471920047497374
0,ACC,0.0024834679382593314,1.1362731518723131e-05,,
0,NAC,0.0024721448720532633,0.002472125039396936,,
10,ACCC,,,0.002480083509007629,0.0018764001417098392
0,AAT,0.0024721732398877805,2.836783451736667e-08,,
0,CCC,2.836783451736667e-08,0.0024721732398877805,,
0,GAC,0.0024721448720532633,0.002472125039396936,,
10,TCGGAGGGGG,,,1e-09,1e-09
0,AAAC,0.0018764001417098392,4.706846455132084e-06,,
0,AAG,0.0024721732398877805,2.836783451736667e-08,,
10,CCCCC,,,0.005235102114356561,6.4110151094534106e-06
10,AGG,,,1e-09,1e-09
0,TAAC,0.0018679153724242465,4.706846455132084e-06,,
0,TAC,0.0024721448720532633,0.002472125039396936,,
0,AAN,0.0024721732398877805,2.836783451736667e-08,,
10,C,,,3.0187798631129837e-06,0.0008338487937497626
